Country,Paid Vacation Days,Paid Public Holidays,Total Paid Leave
Iran,26,27,53
San Marino,20,19,39
Yemen,30,9,39
Andorra,30,8,38
Bhutan,30,8,38
Bahrain,30,7,37
Togo,30,7,37
Brazil,30,6,36
United Arab Emirates,30,6,36
France,25,11,36
Finland,25,11,36
Kuwait,30,5,35
Spain,22,13,35
Sweden,25,10,35
Austria,25,13,38
Germany,20,13,33
Italy,20,12,32
Portugal,22,13,35
Denmark,25,9,34
Norway,25,10,35
Belgium,20,10,30
Netherlands,20,9,29
Ireland,20,10,30
Luxembourg,26,10,36
United Kingdom,28,8,36
Switzerland,20,9,29
Greece,20,12,32
Poland,26,13,39
Czech Republic,20,13,33
Hungary,20,11,31
Slovakia,20,15,35
Slovenia,20,13,33
Croatia,20,14,34
Romania,20,15,35
Bulgaria,20,12,32
Lithuania,20,13,33
Latvia,20,12,32
Estonia,20,11,31
Malta,24,14,38
Cyprus,22,14,36
Canada,10,6,16
United States,0,0,0
Mexico,12,7,19
Argentina,14,15,29
Chile,15,15,30
Colombia,15,18,33
Peru,30,12,42
Uruguay,20,5,25
Paraguay,12,11,23
Australia,20,10,30
New Zealand,20,11,31
Japan,10,16,26
South Korea,15,15,30
China,5,11,16
India,15,12,27
Singapore,14,11,25
Malaysia,8,11,19
Thailand,6,16,22
Philippines,5,12,17
Indonesia,12,16,28
Vietnam,12,11,23
South Africa,15,12,27
Egypt,21,13,34
Morocco,18,13,31
Kenya,21,11,32
Nigeria,6,10,16
